<?xml version="1.0" encoding="UTF-8"?>
<project-private xmlns="http://www.netbeans.org/ns/project-private/1">
    <editor-bookmarks xmlns="http://www.netbeans.org/ns/editor-bookmarks/2" lastBookmarkId="0"/>
    <open-files xmlns="http://www.netbeans.org/ns/projectui-open-files/2">
        <group>
            <file>file:/Users/itsalghala/Desktop/THEHOTEL/src/RoomType/AddRoom.java</file>
            <file>file:/Users/itsalghala/Desktop/THEHOTEL/src/RoomType/RoomClass.java</file>
            <file>file:/Users/itsalghala/Desktop/THEHOTEL/src/RoomType/CustomerLogin.java</file>
            <file>file:/Users/itsalghala/Desktop/THEHOTEL/src/RoomType/FileExpImp.java</file>
            <file>file:/Users/itsalghala/Desktop/THEHOTEL/src/RoomType/My_Reservation.java</file>
            <file>file:/Users/itsalghala/Desktop/THEHOTEL/src/RoomType/CustomerInterface.java</file>
            <file>file:/Users/itsalghala/Desktop/THEHOTEL/src/RoomType/RDesSuite.java</file>
            <file>file:/Users/itsalghala/Desktop/THEHOTEL/src/RoomType/DeluxeType.java</file>
            <file>file:/Users/itsalghala/Desktop/THEHOTEL/src/RoomType/Aboutus.java</file>
            <file>file:/Users/itsalghala/Desktop/THEHOTEL/src/RoomType/RDesDeluxe.java</file>
            <file>file:/Users/itsalghala/Desktop/THEHOTEL/src/RoomType/Delete_Room.java</file>
            <file>file:/Users/itsalghala/Desktop/THEHOTEL/src/RoomType/AdminLogin.java</file>
            <file>file:/Users/itsalghala/Desktop/THEHOTEL/src/RoomType/Bill.java</file>
            <file>file:/Users/itsalghala/Desktop/THEHOTEL/src/RoomType/Admin__Interface.java</file>
            <file>file:/Users/itsalghala/Desktop/THEHOTEL/src/RoomType/FamilyType.java</file>
        </group>
    </open-files>
</project-private>
